Region,Low Discount Ratio,High Discount Ratio
South,0.2596325051759834,-0.650916179337232
West,0.2607290018114215,-0.8587570621468926
Central,0.25912169312169314,-1.0530107035037966
East,0.28459572685379136,-0.4404937506455945
