Region,Segment,Total Sales
South,Consumer,195580.97100000017
West,Corporate,225855.27449999977
West,Consumer,362880.7730000003
Central,Home Office,91212.64399999994
Central,Consumer,252031.43400000007
Central,Corporate,157995.8128
East,Consumer,350908.16700000066
South,Corporate,121885.93250000005
East,Corporate,200409.34699999995
West,Home Office,136721.7769999999
East,Home Office,127463.72599999998
South,Home Office,74255.00150000004
